topic,occurrences
Economic theories and models,205
Fiscal Policy and Economic Growth,168
Monetary Policy and Economic Impact,149
Auction Theory and Applications,143
Experimental Behavioral Economics Studies,134
Labor market dynamics and wage inequality,114
Consumer Market Behavior and Pricing,106
"Gender, Labor, and Family Dynamics",106
Game Theory and Applications,103
"Financial Literacy, Pension, Retirement Analysis",98
Global trade and economics,94
"Banking stability, regulation, efficiency",92
Merger and Competition Analysis,89
Housing Market and Economics,88
Global Financial Crisis and Policies,79
Economic Theory and Policy,78
Decision-Making and Behavioral Economics,76
Corporate Finance and Governance,70
Economic Growth and Productivity,68
Economic Policies and Impacts,68
Diverse Scientific and Economic Studies,67
Game Theory and Voting Systems,65
Firm Innovation and Growth,61
Taxation and Compliance Studies,59
"Culture, Economy, and Development Studies",57
Employment and Welfare Studies,52
"Law, Economics, and Judicial Systems",49
Financial Markets and Investment Strategies,49
School Choice and Performance,48
Healthcare Policy and Management,47
Diverse Specialized Academic Research,47
Media Influence and Politics,47
Digital Platforms and Economics,45
Human auditory perception and evaluation,44
Global Health Care Issues,43
Economic and Environmental Valuation,42
Market Dynamics and Volatility,40
Advanced Causal Inference Techniques,40
Fiscal Policies and Political Economy,40
Statistical Methods and Inference,37
Electoral Systems and Political Participation,35
"Income, Poverty, and Inequality",33
Intergenerational and Educational Inequality Studies,32
"Poverty, Education, and Child Welfare",31
Historical Economic and Social Studies,30
"Urban, Neighborhood, and Segregation Studies",30
Corporate Insolvency and Governance,30
Regional Economics and Spatial Analysis,29
"Energy, Environment, and Transportation Policies",28
Economic Theory and Institutions,28
Climate Change Policy and Economics,27
Migration and Labor Dynamics,27
"Retirement, Disability, and Employment",27
Corporate Taxation and Avoidance,26
Legal principles and applications,25
International Arbitration and Investment Law,25
"World Wars: History, Literature, and Impact",24
Microfinance and Financial Inclusion,24
Economics of Agriculture and Food Markets,24
Opinion Dynamics and Social Influence,24
Legal case studies and regulations,22
"Housing, Finance, and Neoliberalism",21
Local Government Finance and Decentralization,20
Italy: Economic History and Contemporary Issues,20
"Names, Identity, and Discrimination Research",19
Corruption and Economic Development,19
Credit Risk and Financial Regulations,19
Complex Systems and Time Series Analysis,17
Agricultural risk and resilience,17
Insurance and Financial Risk Management,17
"Energy, Environment, Economic Growth",16
Statistical Methods and Bayesian Inference,16
Innovation Policy and R&D,15
"Politics, Economics, and Education Policy",15
Higher Education Research Studies,15
Spatial and Panel Data Analysis,15
Advanced Bandit Algorithms Research,14
Islamic Finance and Banking Studies,13
Family Dynamics and Relationships,13
Legal Cases and Commentary,13
Labor Movements and Unions,13
Religion and Society Interactions,12
Economic and Technological Developments in Russia,12
ICT Impact and Policies,12
"Migration, Ethnicity, and Economy",12
Early Childhood Education and Development,12
Demographic Trends and Gender Preferences,12
"Health Systems, Economic Evaluations, Quality of Life",12
Global Trade and Competitiveness,12
Gender Diversity and Inequality,12
Social Media and Politics,11
Political Influence and Corporate Strategies,11
Social Capital and Networks,11
China's Socioeconomic Reforms and Governance,11
Complex Network Analysis Techniques,10
Land Rights and Reforms,9
"Auditing, Earnings Management, Governance",9
"Crime, Illicit Activities, and Governance",9
Advanced Statistical Methods and Models,9
Bayesian Methods and Mixture Models,9
Youth Education and Societal Dynamics,8
Misinformation and Its Impacts,8
Social Policy and Reform Studies,8
International Business and FDI,8
Entrepreneurship Studies and Influences,8
Private Equity and Venture Capital,8
Bayesian Modeling and Causal Inference,8
Pharmaceutical Economics and Policy,8
Gender Politics and Representation,8
Regional Development and Policy,8
"Populism, Right-Wing Movements",8
Capital Investment and Risk Analysis,8
Digital Economy and Work Transformation,8
Risk and Portfolio Optimization,8
"Migration, Refugees, and Integration",8
Financial Risk and Volatility Modeling,7
Innovation Diffusion and Forecasting,7
"Insurance, Mortality, Demography, Risk Management",7
Electric Power System Optimization,7
Political Conflict and Governance,7
Optimization and Search Problems,7
Economic Growth and Development,7
State Capitalism and Financial Governance,7
Work-Family Balance Challenges,7
Supply Chain and Inventory Management,7
Parental Involvement in Education,7
Transportation Planning and Optimization,7
Social and Intergroup Psychology,7
Health disparities and outcomes,7
COVID-19 epidemiological studies,6
COVID-19 Pandemic Impacts,6
"Race, History, and American Society",6
Evolutionary Game Theory and Cooperation,6
Supply Chain Resilience and Risk Management,6
Urban and Rural Development Challenges,6
Public Procurement and Policy,6
Intellectual Property and Patents,6
Stochastic processes and financial applications,6
Global Maternal and Child Health,6
"Defense, Military, and Policy Studies",6
"Economic, financial, and policy analysis",6
Intergenerational Family Dynamics and Caregiving,6
Transportation and Mobility Innovations,6
"Global trade, sustainability, and social impact",6
Psychological Well-being and Life Satisfaction,6
"Birth, Development, and Health",6
Consumer Retail Behavior Studies,5
Innovations in Educational Methods,5
Statistical Methods in Clinical Trials,5
Blockchain Technology Applications and Security,5
Occupational and Professional Licensing Regulation,5
Multi-Criteria Decision Making,5
Machine Learning and Algorithms,5
Forecasting Techniques and Applications,5
Criminal Justice and Corrections Analysis,5
Education Systems and Policy,5
Regulation and Compliance Studies,5
Sharing Economy and Platforms,5
Legal and Constitutional Studies,5
Healthcare Systems and Reforms,5
Sports Analytics and Performance,5
Innovation and Socioeconomic Development,5
Energy and Environment Impacts,5
Financial Reporting and Valuation Research,4
Innovation and Knowledge Management,4
Diversity and Career in Medicine,4
Crime Patterns and Interventions,4
Natural Resources and Economic Development,4
European Monetary and Fiscal Policies,4
Opioid Use Disorder Treatment,4
German Economic Analysis & Policies,4
Sustainable Finance and Green Bonds,4
"FinTech, Crowdfunding, Digital Finance",4
Homelessness and Social Issues,4
Air Quality and Health Impacts,4
Education and experiences of immigrants and refugees,4
Social and Cultural Dynamics,4
Political Economy and Marxism,3
"Healthcare cost, quality, practices",3
Probabilistic and Robust Engineering Design,3
Judicial and Constitutional Studies,3
Data Stream Mining Techniques,3
Cognitive Abilities and Testing,3
Economic Sanctions and International Relations,3
Diverse Perspectives in Modern Studies,3
Smart Grid Energy Management,3
Policing Practices and Perceptions,3
Gender Roles and Identity Studies,3
Youth Development and Social Support,3
Neural Networks and Applications,3
Aviation Industry Analysis and Trends,3
Child and Adolescent Psychosocial and Emotional Development,3
Sustainable Development and Environmental Policy,3
Organ Donation and Transplantation,3
International Development and Aid,3
Advanced Statistical Process Monitoring,3
Urban Transport and Accessibility,3
Pharmaceutical industry and healthcare,3
Food Security and Health in Diverse Populations,3
Hate Speech and Cyberbullying Detection,3
Historical Economic and Legal Thought,3
Neural and Behavioral Psychology Studies,3
Primary Care and Health Outcomes,3
Australian History and Society,3
Complex Systems and Decision Making,3
Human Mobility and Location-Based Analysis,3
Medical Education and Admissions,2
Quality of Life Measurement,2
Fire effects on ecosystems,2
Corporate Governance and Law,2
Economic Development and Digital Transformation,2
Psychometric Methodologies and Testing,2
Climate variability and models,2
Agricultural Economics and Policy,2
Vaccine Coverage and Hesitancy,2
Mobile Crowdsensing and Crowdsourcing,2
Gun Ownership and Violence Research,2
Jury Decision Making Processes,2
Academic and Historical Perspectives in Psychology,2
Substance Abuse Treatment and Outcomes,2
Higher Education Governance and Development,2
Computational and Text Analysis Methods,2
Sustainable Supply Chain Management,2
Child Welfare and Adoption,2
Privacy-Preserving Technologies in Data,2
Psychology of Moral and Emotional Judgment,2
Transport and Economic Policies,2
Behavioral Health and Interventions,2
Global Political and Social Dynamics,2
Global Energy and Sustainability Research,2
"Media, Gender, and Advertising",2
Simulation Techniques and Applications,2
Hong Kong and Taiwan Politics,2
Italian Fascism and Post-war Society,2
"Religion, Society, and Development",2
Vehicle emissions and performance,2
Fuzzy Systems and Optimization,2
Statistical and numerical algorithms,2
Mental Health Research Topics,2
Rangeland Management and Livestock Ecology,2
Advanced Queuing Theory Analysis,2
Education Discipline and Inequality,2
"Health, Environment, Cognitive Aging",2
Legal Education and Practice Innovations,2
World Trade Organization Law,2
Psychological and Educational Research Studies,2
"Optimism, Hope, and Well-being",2
"HIV, Drug Use, Sexual Risk",2
Gender Studies in Language,2
Indian Economic and Social Development,2
Economic and Technological Innovation,2
Psychology of Social Influence,2
Water resources management and optimization,2
Meta-analysis and systematic reviews,2
Public Policy and Administration Research,2
Economic Zones and Regional Development,2
Mathematical and Theoretical Epidemiology and Ecology Models,2
Global Educational Reforms and Inequalities,2
Land Use and Ecosystem Services,2
Southeast Asian Sociopolitical Studies,2
Vietnamese History and Culture Studies,2
Social Acceptance of Renewable Energy,2
Environmental Justice and Health Disparities,2
Technology Adoption and User Behaviour,2
Digital Marketing and Social Media,2
Efficiency Analysis Using DEA,2
Cultural Differences and Values,2
Child and Adolescent Health,2
"Conservation, Biodiversity, and Resource Management",2
Risk Perception and Management,2
Stock Market Forecasting Methods,2
Neural Networks and Reservoir Computing,2
Neural dynamics and brain function,2
Space Science and Extraterrestrial Life,1
Job Satisfaction and Organizational Behavior,1
Data Visualization and Analytics,1
Peer-to-Peer Network Technologies,1
Genetic Associations and Epidemiology,1
European history and politics,1
Asian Industrial and Economic Development,1
"Gender, Security, and Conflict",1
Historical and Contemporary Political Dynamics,1
Blind Source Separation Techniques,1
Management and Organizational Studies,1
Climate change impacts on agriculture,1
Infrared Target Detection Methodologies,1
Child Abuse and Trauma,1
Community Health and Development,1
scientometrics and bibliometrics research,1
Intimate Partner and Family Violence,1
Human Resource and Talent Management,1
Global Socioeconomic and Political Dynamics,1
Statistics Education and Methodologies,1
Agriculture Market Analysis Ukraine,1
Data Management and Algorithms,1
Pharmaceutical studies and practices,1
"Epistemology, Ethics, and Metaphysics",1
Data Quality and Management,1
International Science and Diplomacy,1
Psychotherapy Techniques and Applications,1
Physical Activity and Health,1
Embodied and Extended Cognition,1
Child and Animal Learning Development,1
Urban Planning and Governance,1
Colorectal Cancer Screening and Detection,1
Ethics and Social Impacts of AI,1
Big Data and Digital Economy,1
Patient-Provider Communication in Healthcare,1
Global Cancer Incidence and Screening,1
Psychosocial Factors Impacting Youth,1
Aerodynamics and Fluid Dynamics Research,1
Smoking Behavior and Cessation,1
Evolutionary Psychology and Human Behavior,1
Political Philosophy and Ethics,1
Critical Realism in Sociology,1
University-Industry-Government Innovation Models,1
Educational Leadership and Practices,1
American Sports and Literature,1
Older Adults Driving Studies,1
AI and HR Technologies,1
Stochastic Gradient Optimization Techniques,1
Random Matrices and Applications,1
Atmospheric and Environmental Gas Dynamics,1
"Religion, Spirituality, and Psychology",1
Taxation and Legal Issues,1
"Historical Studies on Reproduction, Gender, Health, and Societal Changes",1
Community Development and Social Impact,1
Social and Behavioral Studies,1
Transboundary Water Resource Management,1
"Climate Change, Adaptation, Migration",1
African Botany and Ecology Studies,1
Cybercrime and Law Enforcement Studies,1
Sociopolitical Dynamics in Russia,1
Mathematical Inequalities and Applications,1
Regional Economic and Spatial Analysis,1
Gambling Behavior and Treatments,1
Canadian Policy and Governance,1
Public Relations and Crisis Communication,1
"Identity, Memory, and Therapy",1
Climate Change and Health Impacts,1
Health and Conflict Studies,1
Hospital Admissions and Outcomes,1
Pesticide and Herbicide Environmental Studies,1
Weed Control and Herbicide Applications,1
Communication in Education and Healthcare,1
Global Urban Networks and Dynamics,1
Sleep and Work-Related Fatigue,1
Reproductive Health and Contraception,1
South Asian Cinema and Culture,1
Labour Market and Migration,1
Law in Society and Culture,1
Organizational Downsizing and Restructuring,1
"Crime, Deviance, and Social Control",1
"Innovation, Sustainability, Human-Machine Systems",1
Criminal Law and Evidence,1
Face and Expression Recognition,1
Spam and Phishing Detection,1
"Intelligence, Security, War Strategy",1
Network Traffic and Congestion Control,1
Dispute Resolution and Class Actions,1
Deception detection and forensic psychology,1
Urbanization and City Planning,1
Sex work and related issues,1
Language and cultural evolution,1
Securities Regulation and Market Practices,1
Online Learning and Analytics,1
Religious Education and Schools,1
European and International Contract Law,1
Outsourcing and Supply Chain Management,1
Evaluation and Performance Assessment,1
Posthumanist Ethics and Activism,1
Aerospace and Aviation Technology,1
"Politics and Conflicts in Afghanistan, Pakistan, and Middle East",1
"Bullying, Victimization, and Aggression",1
Corporate Social Responsibility Reporting,1
Military and Defense Studies,1
Mental Health Treatment and Access,1
Schizophrenia research and treatment,1
"Grit, Self-Efficacy, and Motivation",1
Youth Substance Use and School Attendance,1
Place Attachment and Urban Studies,1
Technology and Education Systems,1
Asian Geopolitics and Ethnography,1
Evolution and Genetic Dynamics,1
Sex and Gender in Healthcare,1
Environmental Conservation and Management,1
Survey Sampling and Estimation Techniques,1
Socioeconomic Development in MENA,1
HIV/AIDS Research and Interventions,1
Impact of Light on Environment and Health,1
Contemporary Sociological Theory and Practice,1
Risk Management in Financial Firms,1
Consumer Attitudes and Food Labeling,1
Traffic control and management,1
Smart Parking Systems Research,1
International Labor and Employment Law,1
Advanced Optimization Algorithms Research,1
"Terrorism, Counterterrorism, and Political Violence",1
Model Reduction and Neural Networks,1
Legal Issues in Education,1
Nonprofit Sector and Volunteering,1
Advanced Control Systems Optimization,1
Academic Freedom and Politics,1
Impact of Technology on Adolescents,1
Environmental and Biological Research in Conflict Zones,1
Climate Change Communication and Perception,1
Environmental Education and Sustainability,1
Intellectual Capital and Performance Analysis,1
Energy Efficiency and Management,1
Flood Risk Assessment and Management,1
"Leadership, Behavior, and Decision-Making Studies",1
Media Studies and Communication,1
Animal Ecology and Behavior Studies,1
Wildlife Ecology and Conservation,1
Avian ecology and behavior,1
Coastal and Marine Management,1
Agricultural Innovations and Practices,1
"Colonialism, slavery, and trade",1
Academic integrity and plagiarism,1
Organizational Strategy and Culture,1
Workplace Spirituality and Leadership,1
Power System Reliability and Maintenance,1
Optimal Power Flow Distribution,1
Social and Economic Development in India,1
Complexity and Algorithms in Graphs,1
Traffic and Road Safety,1
Chinese history and philosophy,1
"LGBTQ Health, Identity, and Policy",1
Reinforcement Learning in Robotics,1
Probability and Risk Models,1
Hemodynamic Monitoring and Therapy,1
Information Architecture and Usability,1
"Research, Science, and Academia",1
Education Methods and Practices,1
Educational and Psychological Assessments,1
"Education, Achievement, and Giftedness",1
Blood donation and transfusion practices,1
"Computability, Logic, AI Algorithms",1
Social and Demographic Issues in Germany,1
Korean Urban and Social Studies,1
Photoreceptor and optogenetics research,1
Optical Polarization and Ellipsometry,1
"Diaspora, migration, transnational identity",1
Information Retrieval and Search Behavior,1
Library Science and Information Literacy,1
Critical Theory and Philosophy,1
Mental Health and Psychiatry,1
Healthcare Decision-Making and Restraints,1
Attention Deficit Hyperactivity Disorder,1
Disaster Management and Resilience,1
Property Rights and Legal Doctrine,1
Chemistry and Stereochemistry Studies,1
Scheduling and Optimization Algorithms,1
Flexible and Reconfigurable Manufacturing Systems,1
Prenatal Screening and Diagnostics,1
Fetal and Pediatric Neurological Disorders,1
Renal and related cancers,1
Air Traffic Management and Optimization,1
Open Source Software Innovations,1
Cannabis and Cannabinoid Research,1
Prenatal Substance Exposure Effects,1
Racial and Ethnic Identity Research,1
Organizational Management and Leadership,1
Renal Transplantation Outcomes and Treatments,1
Statistical Distribution Estimation and Applications,1
Healthcare innovation and challenges,1
Optimization and Variational Analysis,1
Gene Regulatory Network Analysis,1
Geriatric Care and Nursing Homes,1
Markov Chains and Monte Carlo Methods,1
Control Systems and Identification,1
Cryptography and Data Security,1
Web Data Mining and Analysis,1
Educational and Social Studies,1
Impact of AI and Big Data on Business and Society,1
Gaussian Processes and Bayesian Inference,1
SARS-CoV-2 and COVID-19 Research,1
Social Power and Status Dynamics,1
Electric Vehicles and Infrastructure,1
Statistical Mechanics and Entropy,1
Tree-ring climate responses,1
Educational Assessment and Improvement,1
"Genetics, Bioinformatics, and Biomedical Research",1
Medical Malpractice and Liability Issues,1
Assisted Reproductive Technology and Twin Pregnancy,1
Child Development and Digital Technology,1
Seed and Plant Biochemistry,1
Global Health Workforce Issues,1
